{
  "version": "1.0",
  "defaultProvider": "cdnjs",
  "libraries": [{
  "provider": "unpkg",
  "library": "@aspnet/signalr@1.0.3",
  "destination": "wwwroot/lib/@aspnet/signalr/",
  "files": [
    "dist/browser/signalr.js",
    "dist/browser/signalr.min.js"
  ]
}
,
{
  "provider": "unpkg",
  "library": "@aspnet/signalr@1.0.3",
  "destination": "wwwroot/lib/@aspnet/signalr/",
  "files": [
    "dist/browser/signalr.min.js",
    "dist/browser/signalr.js"
  ]
}
,
{
  "provider": "unpkg",
  "library": "bootstrap@4.3.1",
  "destination": "wwwroot/lib/bootstrap/",
  "files": [
    "dist/css/bootstrap.css",
    "dist/js/bootstrap.js",
    "dist/js/bootstrap.min.js"
  ]
}
,
{
  "provider": "unpkg",
  "library": "bootstrap@4.3.1",
  "destination": "wwwroot/lib/bootstrap/",
  "files": [
    "dist/css/bootstrap.css",
    "dist/css/bootstrap.min.css",
    "dist/js/bootstrap.js",
    "dist/js/bootstrap.min.js"
  ]
}
]
}